title,description,content,url,text_to_analyze
Anthropic Supply-Chain Risk Designation Halted By Judge,"A judge temporarily blocked the Trump administration's designation, clearing the way for Anthropic to keep doing business without the label starting next week.","Anthropic won a preliminary injunction barring the US Department of Defense from labeling it a supply-chain risk, potentially clearing the way for customers to resume working with the company. The ru… [+2867 chars]",https://www.wired.com/story/anthropic-supply-chain-risk-designation-injunction/,"Anthropic Supply-Chain Risk Designation Halted By Judge A judge temporarily blocked the Trump administration's designation, clearing the way for Anthropic to keep doing business without the label starting next week. Anthropic won a preliminary injunction barring the US Department of Defense from labeling it a supply-chain risk, potentially clearing the way for customers to resume working with the company. The ru… [+2867 chars]"
Senators Demand to Know How Much Energy Data Centers Use,"In a letter sent Thursday morning, Elizabeth Warren and Josh Hawley press the Energy Information Agency to mandate annual electricity disclosure for data centers.",Democratic senator Elizabeth Warren and Republican senator Josh Hawley are urging the USs central energy information agency to provide better information on how much electricity data centers actually… [+3830 chars],https://www.wired.com/story/senators-demand-to-know-how-much-energy-data-centers-use/,"Senators Demand to Know How Much Energy Data Centers Use In a letter sent Thursday morning, Elizabeth Warren and Josh Hawley press the Energy Information Agency to mandate annual electricity disclosure for data centers. Democratic senator Elizabeth Warren and Republican senator Josh Hawley are urging the USs central energy information agency to provide better information on how much electricity data centers actually… [+3830 chars]"
Arm’s CEO Insists the Market Needs His New CPU. It Could Piss Everyone Off,Arm just confirmed the rumors: It’s producing its own chip for the first time. CEO Rene Haas explains why this won’t alienate the many chipmakers who license the company’s designs.,"Rene Haas is half-prone on a couch in his office in San Jose, California. A basketball rests in his hand, partly obscuring his face. Haas had grimaced when WIREDs photographer first asked him to assu… [+3832 chars]",https://www.wired.com/story/arms-ceo-insists-the-market-needs-his-new-cpu-it-could-piss-everyone-off/,"Arm’s CEO Insists the Market Needs His New CPU. It Could Piss Everyone Off Arm just confirmed the rumors: It’s producing its own chip for the first time. CEO Rene Haas explains why this won’t alienate the many chipmakers who license the company’s designs. Rene Haas is half-prone on a couch in his office in San Jose, California. A basketball rests in his hand, partly obscuring his face. Haas had grimaced when WIREDs photographer first asked him to assu… [+3832 chars]"
"Wait, the Trump phone might actually exist","Where's the Trump phone? We're going to keep talking about it every week. We've reached out, as usual, to ask about the Trump phone's whereabouts. This week I think I've found an FCC listing for the phone, showing it's received certification to launch in the …","<ul><li></li><li></li><li></li></ul>
A phone that appears to be Trump Mobiles T1 Phone has been certified by the FCC.
A phone that appears to be Trump Mobiles T1 Phone has been certified by the FCC… [+5367 chars]",https://www.theverge.com/tech/902399/trump-phone-mobile-t1-fcc-certification-authorization,"Wait, the Trump phone might actually exist Where's the Trump phone? We're going to keep talking about it every week. We've reached out, as usual, to ask about the Trump phone's whereabouts. This week I think I've found an FCC listing for the phone, showing it's received certification to launch in the … <ul><li></li><li></li><li></li></ul>
A phone that appears to be Trump Mobiles T1 Phone has been certified by the FCC.
A phone that appears to be Trump Mobiles T1 Phone has been certified by the FCC… [+5367 chars]"
Everyone hates Ticketmaster. Why’d Trump go easy on them?,"Today on Decoder, we’re talking about the major antitrust lawsuit against Live Nation, and what it might mean for antitrust and competition law in general now that the Justice Department under Trump has decided to settle its part of the case. That’s even as m…","<ul><li></li><li></li><li></li></ul>
Everyone hates Ticketmaster. Whyd Trump go easy on them?
The Justice Departments surprise Live Nation settlement raises big questions about the future of federa… [+6223 chars]",https://www.theverge.com/podcast/900540/live-nation-ticketmaster-lawsuit-antitrust-trump-doj-settlement,"Everyone hates Ticketmaster. Why’d Trump go easy on them? Today on Decoder, we’re talking about the major antitrust lawsuit against Live Nation, and what it might mean for antitrust and competition law in general now that the Justice Department under Trump has decided to settle its part of the case. That’s even as m… <ul><li></li><li></li><li></li></ul>
Everyone hates Ticketmaster. Whyd Trump go easy on them?
The Justice Departments surprise Live Nation settlement raises big questions about the future of federa… [+6223 chars]"
Mark Zuckerberg and Jensen Huang are part of Trump’s new ‘tech panel’,"Meta CEO Mark Zuckerberg, Oracle CEO Larry Ellison, Nvidia CEO Jensen Huang, and Google co-founder Sergey Brin will be the first four members of the President's Council of Advisors on Science and Technology (PCAST), according to the Wall Street Journal. The p…","<ul><li></li><li></li><li></li></ul>
The council will advise Trump on AI, the economy, education, and national and homeland security.
The council will advise Trump on AI, the economy, education, an… [+2872 chars]",https://www.theverge.com/policy/900340/trump-tech-panel-mark-zuckerberg-jensen-huang,"Mark Zuckerberg and Jensen Huang are part of Trump’s new ‘tech panel’ Meta CEO Mark Zuckerberg, Oracle CEO Larry Ellison, Nvidia CEO Jensen Huang, and Google co-founder Sergey Brin will be the first four members of the President's Council of Advisors on Science and Technology (PCAST), according to the Wall Street Journal. The p… <ul><li></li><li></li><li></li></ul>
The council will advise Trump on AI, the economy, education, and national and homeland security.
The council will advise Trump on AI, the economy, education, an… [+2872 chars]"
"The United States router ban, explained",You've probably heard the US government has banned foreign-made consumer Wi-Fi routers over national security fears. You might be wondering: WTF is going on? Just another day in America under Donald Trump and FCC chairman Brendan Carr. You're probably fine fo…,"<ul><li></li><li></li></ul>
Trying to make sense of Trump and Carrs latest attack on foreign gadgets.
Trying to make sense of Trump and Carrs latest attack on foreign gadgets.
by
Sean HollisterCl… [+13661 chars]",https://www.theverge.com/tech/899906/fcc-router-ban-march-2026-explainer,"The United States router ban, explained You've probably heard the US government has banned foreign-made consumer Wi-Fi routers over national security fears. You might be wondering: WTF is going on? Just another day in America under Donald Trump and FCC chairman Brendan Carr. You're probably fine fo… <ul><li></li><li></li></ul>
Trying to make sense of Trump and Carrs latest attack on foreign gadgets.
Trying to make sense of Trump and Carrs latest attack on foreign gadgets.
by
Sean HollisterCl… [+13661 chars]"
The TSA is broken — is privatization next?,"KC Guidry usually gets to the airport two hours before a flight to give herself enough time to get through security. But she knew her flight on the morning of Monday, March 23, out of Houston's George Bush Intercontinental Airport was going to be anything but…","<ul><li></li><li></li><li></li></ul>
The TSA is broken is privatization next?
Privatization is no magic bullet. But the status quo is untenable as well.
by
Darryl CampbellClose
Posts from this a… [+8207 chars]",https://www.theverge.com/transportation/900510/airport-tsa-seurity-wait-privatization-trump-mullin,"The TSA is broken — is privatization next? KC Guidry usually gets to the airport two hours before a flight to give herself enough time to get through security. But she knew her flight on the morning of Monday, March 23, out of Houston's George Bush Intercontinental Airport was going to be anything but… <ul><li></li><li></li><li></li></ul>
The TSA is broken is privatization next?
Privatization is no magic bullet. But the status quo is untenable as well.
by
Darryl CampbellClose
Posts from this a… [+8207 chars]"
Can you monitor a situation without monitors? The Polymarket sports bar tried,"Hello and welcome to Regulator, a newsletter for Verge readers who are political junkies, and Washington insiders hooked on technology. If this email has been forwarded to you but you're not a subscriber, sign up here so you can get that pure, uncut Regulator…","<ul><li></li><li></li><li></li></ul>
Plus, a Project 2025 splinter group declares war on AI and a16z.
Plus, a Project 2025 splinter group declares war on AI and a16z.
by
Tina NguyenClose
Senior … [+9890 chars]",https://www.theverge.com/column/900536/alliance-for-a-better-future-polymarket,"Can you monitor a situation without monitors? The Polymarket sports bar tried Hello and welcome to Regulator, a newsletter for Verge readers who are political junkies, and Washington insiders hooked on technology. If this email has been forwarded to you but you're not a subscriber, sign up here so you can get that pure, uncut Regulator… <ul><li></li><li></li><li></li></ul>
Plus, a Project 2025 splinter group declares war on AI and a16z.
Plus, a Project 2025 splinter group declares war on AI and a16z.
by
Tina NguyenClose
Senior … [+9890 chars]"
Sony is raising PS5 prices by $100 in April,"Sony is raising the price of its PlayStation 5 consoles globally starting April 2nd. In an announcement on Friday, Sony says that the standard PS5 will now cost $649.99, up from $549.99. Meanwhile, the PS5 Digital Edition now costs $599.99 instead of $499.99,…","<ul><li></li><li></li><li></li></ul>
The PS5 Pro will be a $900 console as of April 2nd.
The PS5 Pro will be a $900 console as of April 2nd.
by
Emma RothClose
Posts from this author will be adde… [+3041 chars]",https://www.theverge.com/games/902224/sony-ps5-playstation-price-hike,"Sony is raising PS5 prices by $100 in April Sony is raising the price of its PlayStation 5 consoles globally starting April 2nd. In an announcement on Friday, Sony says that the standard PS5 will now cost $649.99, up from $549.99. Meanwhile, the PS5 Digital Edition now costs $599.99 instead of $499.99,… <ul><li></li><li></li><li></li></ul>
The PS5 Pro will be a $900 console as of April 2nd.
The PS5 Pro will be a $900 console as of April 2nd.
by
Emma RothClose
Posts from this author will be adde… [+3041 chars]"
Brendan Carr says his broadcast license threat wasn’t really about Iran war coverage,"Federal Communications Commission Chair Brendan Carr never meant to threaten broadcast licenses over their coverage of the war in Iran, he told reporters after an event hosted by FGS and Semafor. ""My comments weren't actually on the Iran war,"" Carr said in re…","<ul><li></li><li></li><li></li></ul>
Maybe we will, maybe we wont, as the big guy would say.
Maybe we will, maybe we wont, as the big guy would say.
by
Lauren FeinerClose
Posts from this author … [+4622 chars]",https://www.theverge.com/policy/902132/brendan-carr-iran-broadcast-license-threat,"Brendan Carr says his broadcast license threat wasn’t really about Iran war coverage Federal Communications Commission Chair Brendan Carr never meant to threaten broadcast licenses over their coverage of the war in Iran, he told reporters after an event hosted by FGS and Semafor. ""My comments weren't actually on the Iran war,"" Carr said in re… <ul><li></li><li></li><li></li></ul>
Maybe we will, maybe we wont, as the big guy would say.
Maybe we will, maybe we wont, as the big guy would say.
by
Lauren FeinerClose
Posts from this author … [+4622 chars]"
Trump Says He’ll Sign Order to Pay TSA,"""It is not an easy thing to do, but I am going to do it!"" wrote Trump.","President Donald Trump says that he’s going to sign an order that will instruct the Department of Homeland Security to pay TSA workers. The details of Trump’s proposal aren’t yet clear, but Republica… [+2900 chars]",https://gizmodo.com/trump-says-hell-sign-order-to-pay-tsa-2000738813,"Trump Says He’ll Sign Order to Pay TSA ""It is not an easy thing to do, but I am going to do it!"" wrote Trump. President Donald Trump says that he’s going to sign an order that will instruct the Department of Homeland Security to pay TSA workers. The details of Trump’s proposal aren’t yet clear, but Republica… [+2900 chars]"
You’ll Never Believe This but Elon Musk Doesn’t Get to Pay TSA Workers’ Salaries,His oh-so generous offer was rejected by the government. He must be so mad!,"CBS news reported on Wednesday that Elon Musks pseudo-offer to pay the salaries of TSA workers affected by the ongoing partial government shutdown has been rejected by the Trump Administration.
I sa… [+2555 chars]",https://gizmodo.com/youll-never-believe-this-but-elon-musk-doesnt-get-to-pay-tsa-workers-salaries-2000738309,"You’ll Never Believe This but Elon Musk Doesn’t Get to Pay TSA Workers’ Salaries His oh-so generous offer was rejected by the government. He must be so mad! CBS news reported on Wednesday that Elon Musks pseudo-offer to pay the salaries of TSA workers affected by the ongoing partial government shutdown has been rejected by the Trump Administration.
I sa… [+2555 chars]"
JD Vance Says UFOs Are Actually Demons,"""I think that one of the Devil's great tricks is to convince people he never existed.""","JD Vance says that UFOs aren’t aliens visiting Earth from distant planets. The Vice President thinks they’re actually demons.
Vance sat down with Benny Johnson, the right-wing influencer who was fir… [+3482 chars]",https://gizmodo.com/jd-vance-says-ufos-are-actually-demons-2000739246,"JD Vance Says UFOs Are Actually Demons ""I think that one of the Devil's great tricks is to convince people he never existed."" JD Vance says that UFOs aren’t aliens visiting Earth from distant planets. The Vice President thinks they’re actually demons.
Vance sat down with Benny Johnson, the right-wing influencer who was fir… [+3482 chars]"
Feds Sniffing Around Polymarket After Suspicious Bets,Insider trading is a big problem. But how do you protect against it?,"Federal prosecutors in New York have met with representatives from Polymarket to discuss how existing laws on insider trading might be applied to suspicious bets, according to a new report from CNN.… [+4099 chars]",https://gizmodo.com/feds-sniffing-around-polymarket-after-suspicious-bets-2000739973,"Feds Sniffing Around Polymarket After Suspicious Bets Insider trading is a big problem. But how do you protect against it? Federal prosecutors in New York have met with representatives from Polymarket to discuss how existing laws on insider trading might be applied to suspicious bets, according to a new report from CNN.… [+4099 chars]"
Early Wildfires Are Surging Across the US—and Trump’s New Fire Agency Isn’t Ready,"A brutal wildfire season is about to put Trump’s Wildland Fire Service to the test, with the safety of millions of Americans on the line.","Its not even April, and large wildfires are already erupting across the United States, marking an early start to what experts warn could be one of the worst fire seasons on record. Meanwhile, the Tru… [+3898 chars]",https://gizmodo.com/early-wildfires-are-surging-across-the-us-and-trumps-new-fire-agency-isnt-ready-2000738746,"Early Wildfires Are Surging Across the US—and Trump’s New Fire Agency Isn’t Ready A brutal wildfire season is about to put Trump’s Wildland Fire Service to the test, with the safety of millions of Americans on the line. Its not even April, and large wildfires are already erupting across the United States, marking an early start to what experts warn could be one of the worst fire seasons on record. Meanwhile, the Tru… [+3898 chars]"
Why does Trump want to take Iran’s Kharg Island?,The president has threatened to escalate the war if a deal is not “shortly reached”,"Available for over a year
Donald Trump has said the US will conclude its war in Iran by blowing up and completely obliterating key assets in the country, including Kharg Island - Irans key oil expor… [+2182 chars]",https://www.bbc.co.uk/sounds/play/p0n9nh7p,"Why does Trump want to take Iran’s Kharg Island? The president has threatened to escalate the war if a deal is not “shortly reached” Available for over a year
Donald Trump has said the US will conclude its war in Iran by blowing up and completely obliterating key assets in the country, including Kharg Island - Irans key oil expor… [+2182 chars]"
Will Trump succeed in changing the US voting system?,And why have ICE agents been deployed to US airports?,"Available for over a year
Should voters be required to prove they are US citizens and show photo ID before being allowed to cast their ballots?
Donald Trump is pushing for these changes and more in… [+2227 chars]",https://www.bbc.co.uk/sounds/play/p0n8scbp,"Will Trump succeed in changing the US voting system? And why have ICE agents been deployed to US airports? Available for over a year
Should voters be required to prove they are US citizens and show photo ID before being allowed to cast their ballots?
Donald Trump is pushing for these changes and more in… [+2227 chars]"
The Papers: 'US troops gather in Gulf' and 'Strictly No Baftas',Donald Trump plans to deploy US ground troops in the Gulf is a focus for Wednesday's front pages.,"Dayton Webber, 27, was driving when he opened fire on a man in the front-seat, police say.",https://www.bbc.com/news/articles/c4g4px01380o,"The Papers: 'US troops gather in Gulf' and 'Strictly No Baftas' Donald Trump plans to deploy US ground troops in the Gulf is a focus for Wednesday's front pages. Dayton Webber, 27, was driving when he opened fire on a man in the front-seat, police say."
How Trump and the oil markets move in sync: a tango in six charts,Oil markets have been sensitive to Donald Trump's comments on the war. But are traders growing less responsive?,"""As they say, the first casualty of war is truth,"" he says. ""I suspect some of the rhetoric back-and-forth around productive talks, and the opposite, very much are centred around just moving the pric… [+9 chars]",https://www.bbc.com/news/articles/cvgk8zk9epgo,"How Trump and the oil markets move in sync: a tango in six charts Oil markets have been sensitive to Donald Trump's comments on the war. But are traders growing less responsive? ""As they say, the first casualty of war is truth,"" he says. ""I suspect some of the rhetoric back-and-forth around productive talks, and the opposite, very much are centred around just moving the pric… [+9 chars]"
Scott Mills Sacked By BBC,Scott Mills has been sacked by the BBC following allegations about his personal conduct.,"Available for over a year
Today, BBC Radio 2 breakfast host Scott Mills has been sacked by the BBC following allegations about his personal conduct.
The BBC have not given any further details, sayi… [+1221 chars]",https://www.bbc.co.uk/sounds/play/p0n9jkqs,"Scott Mills Sacked By BBC Scott Mills has been sacked by the BBC following allegations about his personal conduct. Available for over a year
Today, BBC Radio 2 breakfast host Scott Mills has been sacked by the BBC following allegations about his personal conduct.
The BBC have not given any further details, sayi… [+1221 chars]"
The US-Iran Briefing Wars,Are the US and Iran peace talks going anywhere?,"Available for over a year
Today, Iran has rejected the US peace plan as excessive.
The US plan, which has not been made public, reportedly includes Iran dismantling its nuclear facilities in exchan… [+1541 chars]",https://www.bbc.co.uk/sounds/play/p0n6h180,"The US-Iran Briefing Wars Are the US and Iran peace talks going anywhere? Available for over a year
Today, Iran has rejected the US peace plan as excessive.
The US plan, which has not been made public, reportedly includes Iran dismantling its nuclear facilities in exchan… [+1541 chars]"
Is Trump any closer to an Iran exit strategy?,"The White House insists the president is dictating events, but even some Republicans are frustrated by mixed messaging about his war aims.","On Tuesday, Trump signalled the US may pursue both strategies at once. In a matter of hours, the Pentagon ordered ground troops to Iran, and US negotiators sent the Iranian regime a new 15-point peac… [+191 chars]",https://www.bbc.com/news/articles/c15d980nyw1o,"Is Trump any closer to an Iran exit strategy? The White House insists the president is dictating events, but even some Republicans are frustrated by mixed messaging about his war aims. On Tuesday, Trump signalled the US may pursue both strategies at once. In a matter of hours, the Pentagon ordered ground troops to Iran, and US negotiators sent the Iranian regime a new 15-point peac… [+191 chars]"
How the US could try to seize Iran's Kharg Island,Donald Trump has indicated he could send troops to take control of Iran's key oil export terminal.,"The speaker of Iran's parliament, Mohammad Bagher Ghalibaf, has warned that his country's forces would ""rain down fire"" on any invading US forces. Iran is believed to have reinforced its defences on … [+59 chars]",https://www.bbc.com/news/articles/c937gd1vq7xo,"How the US could try to seize Iran's Kharg Island Donald Trump has indicated he could send troops to take control of Iran's key oil export terminal. The speaker of Iran's parliament, Mohammad Bagher Ghalibaf, has warned that his country's forces would ""rain down fire"" on any invading US forces. Iran is believed to have reinforced its defences on … [+59 chars]"
Man jailed for four years after Barron Trump reported attack to UK police,The US president’s youngest son contacted officers when he was in the US to say his friend had been attacked in January 2025.,"""I'm calling from the US, uh I just got a call from a girl, you know, she's getting beat up,"" he said, according to a transcript of the call released by the Crown Prosecution Service.",https://www.bbc.com/news/articles/cgrlnp1ydv1o,"Man jailed for four years after Barron Trump reported attack to UK police The US president’s youngest son contacted officers when he was in the US to say his friend had been attacked in January 2025. ""I'm calling from the US, uh I just got a call from a girl, you know, she's getting beat up,"" he said, according to a transcript of the call released by the Crown Prosecution Service."
What is RFK doing to vaccines for children in America?,Trump’s Health Secretary hits a major setback to “Make America Healthy Again”,"Available for over a year
A federal judge has temporarily blocked the Trump administration from making big changes to vaccines for children in the United States. Its a blow to Health Secretary Rober… [+2289 chars]",https://www.bbc.co.uk/sounds/play/w3ct8bzb,"What is RFK doing to vaccines for children in America? Trump’s Health Secretary hits a major setback to “Make America Healthy Again” Available for over a year
A federal judge has temporarily blocked the Trump administration from making big changes to vaccines for children in the United States. Its a blow to Health Secretary Rober… [+2289 chars]"
IPL Cricket 2026 Livestream: How to Watch the Indian Premier League From Anywhere,Can the Royal Challengers Bengaluru claim back-to-back titles?,"When to watch the IPL 2026
<ul><li>The 2026 Indian Premier League season runs from Saturday, March 28, until Sunday, May 31.</li></ul>Where to watch the IPL 2026
<ul><li>Indian Premier League match… [+4205 chars]",https://www.cnet.com/tech/services-and-software/ipl-cricket-2026-livestream-how-to-watch-the-indian-premier-league-from-anywhere/,"IPL Cricket 2026 Livestream: How to Watch the Indian Premier League From Anywhere Can the Royal Challengers Bengaluru claim back-to-back titles? When to watch the IPL 2026
<ul><li>The 2026 Indian Premier League season runs from Saturday, March 28, until Sunday, May 31.</li></ul>Where to watch the IPL 2026
<ul><li>Indian Premier League match… [+4205 chars]"
Melania Trump Escorted by Talking Humanoid Robot at White House Tech Summit,The first lady shared the spotlight with the robot to promote the use of artificial intelligence in education.,"An unexpected guest escorted Melania Trump at the Fostering the Future Together Global Coalition Summit on Wednesday: a Figure 03 humanoid robot. 
During the event, the first lady pitched a future w… [+3562 chars]",https://www.cnet.com/tech/first-lady-melania-trump-humanoid-robot-childrens-technology-educational-summit/,"Melania Trump Escorted by Talking Humanoid Robot at White House Tech Summit The first lady shared the spotlight with the robot to promote the use of artificial intelligence in education. An unexpected guest escorted Melania Trump at the Fostering the Future Together Global Coalition Summit on Wednesday: a Figure 03 humanoid robot. 
During the event, the first lady pitched a future w… [+3562 chars]"
"Newsom Signs Executive Order Requiring AI Companies to Provide Safety, Privacy Guardrails",California's governor says order aims to prevent misuse of AI technology.,"California Gov. Gavin Newsom on Monday signed an executive order requiring AI companies that do business with the state to institute safety and privacy guidelines.
The order (PDF) is designed to ens… [+1592 chars]",https://www.cnet.com/tech/newsom-signs-executive-order-requiring-ai-companies-to-provide-safety-privacy-guardrails/,"Newsom Signs Executive Order Requiring AI Companies to Provide Safety, Privacy Guardrails California's governor says order aims to prevent misuse of AI technology. California Gov. Gavin Newsom on Monday signed an executive order requiring AI companies that do business with the state to institute safety and privacy guidelines.
The order (PDF) is designed to ens… [+1592 chars]"
Meta Gets Called Out by Its Own Oversight Board Over Expanding Community Notes,A look into the way Meta handles moderation suggests Community Notes aren't an effective substitute for the third-party fact-checking program it disbanded last year.,"Meta's week of bad news continued when its own oversight board released an assessment of the company's plans to continue avoiding third-party fact-checking on its platforms, which include Facebook, I… [+3147 chars]",https://www.cnet.com/tech/services-and-software/meta-gets-called-out-by-its-own-oversight-board-over-expanding-community-notes/,"Meta Gets Called Out by Its Own Oversight Board Over Expanding Community Notes A look into the way Meta handles moderation suggests Community Notes aren't an effective substitute for the third-party fact-checking program it disbanded last year. Meta's week of bad news continued when its own oversight board released an assessment of the company's plans to continue avoiding third-party fact-checking on its platforms, which include Facebook, I… [+3147 chars]"
Oil tumbles and stocks soar on US plan to end the Iran war,"Investors cheered reports of a plan to end the Iran war. Stocks rallied and oil prices tumbled, though some market pros remained cautious.","Investors cheered reports of a US peace plan to end the Iran war on Wednesday, with stocks rallying and oil prices dropping. 
US West Texas Intermediate crude oil was down 5% to $87.75 while Brent c… [+2047 chars]",https://www.businessinsider.com/oil-prices-stock-market-today-ceasefire-iran-war-trump-2026-3,"Oil tumbles and stocks soar on US plan to end the Iran war Investors cheered reports of a plan to end the Iran war. Stocks rallied and oil prices tumbled, though some market pros remained cautious. Investors cheered reports of a US peace plan to end the Iran war on Wednesday, with stocks rallying and oil prices dropping. 
US West Texas Intermediate crude oil was down 5% to $87.75 while Brent c… [+2047 chars]"
Suit asks court to force Trump administration to use 'The Kennedy Center' name,"The motion is part of a lawsuit challenging President Trump and the Center's board, who now refer to the complex as ""The Trump Kennedy Center.""","Rep. Joyce Beatty of Ohio is asking a federal court in Washington, D.C., to force President Trump and the board and staff of the Kennedy Center to revert to calling the arts complex The John F. Kenne… [+3657 chars]",https://www.npr.org/2026/03/26/nx-s1-5762241/kennedy-center-name-lawsuit-trump,"Suit asks court to force Trump administration to use 'The Kennedy Center' name The motion is part of a lawsuit challenging President Trump and the Center's board, who now refer to the complex as ""The Trump Kennedy Center."" Rep. Joyce Beatty of Ohio is asking a federal court in Washington, D.C., to force President Trump and the board and staff of the Kennedy Center to revert to calling the arts complex The John F. Kenne… [+3657 chars]"
'No Kings' aims for record turnout in Saturday's anti-Trump protests,"Organizers behind No Kings, a network of progressive groups, says protesters will stage demonstrations across the country and abroad to speak out against the Trump administration's actions.","Organizers behind the No Kings protests are forecasting their biggest showing yet on Saturday against the policies of President Trump, energized by issues including the administration's immigration e… [+3807 chars]",https://www.npr.org/2026/03/28/nx-s1-5763702/no-kings-saturday-protests,"'No Kings' aims for record turnout in Saturday's anti-Trump protests Organizers behind No Kings, a network of progressive groups, says protesters will stage demonstrations across the country and abroad to speak out against the Trump administration's actions. Organizers behind the No Kings protests are forecasting their biggest showing yet on Saturday against the policies of President Trump, energized by issues including the administration's immigration e… [+3807 chars]"
Trump administration cuts turned rural towns into sitting ducks for disasters,"The Trump administration has delayed billions of dollars for projects to protect Americans from floods, wildfires and hurricanes. Local leaders are increasingly anxious.","The town of Duryea, Pa., is on the banks of the Lackawanna River. Residents can see the low, placid water from their churches, schools and houses.
But, when there's a lot of rain, the river rises, a… [+7807 chars]",https://www.npr.org/2026/03/30/nx-s1-5753765/fema-trump-extreme-weather-rural-pennsylvania,"Trump administration cuts turned rural towns into sitting ducks for disasters The Trump administration has delayed billions of dollars for projects to protect Americans from floods, wildfires and hurricanes. Local leaders are increasingly anxious. The town of Duryea, Pa., is on the banks of the Lackawanna River. Residents can see the low, placid water from their churches, schools and houses.
But, when there's a lot of rain, the river rises, a… [+7807 chars]"
"Senate votes to fund most of DHS. And, Trump extends Iran's deadline to reopen strait","The Senate has voted to fund most of the Department of Homeland Security. And, President Trump extends the deadline for Iran to reopen the Strait of Hormuz.","Good morning. You're reading the Up First newsletter. Subscribe here to get it delivered to your inbox, and listen to the Up First podcast for all the news you need to start your day.
Today's top st… [+5451 chars]",https://www.npr.org/2026/03/27/g-s1-115433/up-first-newsletter-dhs-funding-iran-strait-of-hormuz-cpac,"Senate votes to fund most of DHS. And, Trump extends Iran's deadline to reopen strait The Senate has voted to fund most of the Department of Homeland Security. And, President Trump extends the deadline for Iran to reopen the Strait of Hormuz. Good morning. You're reading the Up First newsletter. Subscribe here to get it delivered to your inbox, and listen to the Up First podcast for all the news you need to start your day.
Today's top st… [+5451 chars]"
He wants children's bikes made in the U.S.A. — and tariffs against his rivals,Nearly all the bicycles sold in the United States are made overseas. An Indiana company set out to change that — and it's seeking a push from the Trump administration's tariffs.,"Brian Riley got into the bike business by accident. Two decades ago, his grandfather was riding his bicycle when he got cut off by a car, and squeezed his brakes in a panic. 
""He over-applied his fr… [+8226 chars]",https://www.npr.org/2026/03/29/nx-s1-5746807/trump-bike-children-competition-tariffs-opposition,"He wants children's bikes made in the U.S.A. — and tariffs against his rivals Nearly all the bicycles sold in the United States are made overseas. An Indiana company set out to change that — and it's seeking a push from the Trump administration's tariffs. Brian Riley got into the bike business by accident. Two decades ago, his grandfather was riding his bicycle when he got cut off by a car, and squeezed his brakes in a panic. 
""He over-applied his fr… [+8226 chars]"
"U.S. drafts plan to end war with Iran as 2,000 paratroopers are ordered to deploy in the Middle East","Nearly a month into the war with Iran, the Trump administration is keeping its options open: it has drafted a 15-point plan to end the war with Iran and ordering thousands of paratroopers to deploy in the Middle East.","As the war approaches the one-month mark the Trump administration keeps its options open, submitting a 15-point ceasefire plan to Iran, while also deploying up to 3,000 U.S. Army paratroopers from th… [+6330 chars]",https://www.npr.org/2026/03/25/nx-s1-5760675/iran-war-military-deployment,"U.S. drafts plan to end war with Iran as 2,000 paratroopers are ordered to deploy in the Middle East Nearly a month into the war with Iran, the Trump administration is keeping its options open: it has drafted a 15-point plan to end the war with Iran and ordering thousands of paratroopers to deploy in the Middle East. As the war approaches the one-month mark the Trump administration keeps its options open, submitting a 15-point ceasefire plan to Iran, while also deploying up to 3,000 U.S. Army paratroopers from th… [+6330 chars]"
Judge weighs whether Venezuela can pay Maduro's legal costs in US drug trafficking case,A U.S. judge pressed the Trump administration Thursday about its basis for barring Venezuela's government from paying former President Nicolás Maduro's legal fees in the drug trafficking case that has put him behind bars in New York.,NEW YORK A U.S. judge pressed the Trump administration Thursday about its basis for barring Venezuela's government from paying former President Nicolás Maduro's legal fees in the drug trafficking cas… [+5646 chars],https://www.npr.org/2026/03/27/nx-s1-5763491/judge-venezuela-maduro-legal-costs-us-drug-trafficking,Judge weighs whether Venezuela can pay Maduro's legal costs in US drug trafficking case A U.S. judge pressed the Trump administration Thursday about its basis for barring Venezuela's government from paying former President Nicolás Maduro's legal fees in the drug trafficking case that has put him behind bars in New York. NEW YORK A U.S. judge pressed the Trump administration Thursday about its basis for barring Venezuela's government from paying former President Nicolás Maduro's legal fees in the drug trafficking cas… [+5646 chars]
"Trump tells Europe 'get your own oil,' Iran hits oil tanker off Dubai","Iran attacked and set on fire a massive Kuwaiti oil tanker off Dubai overnight, as Gulf states increasingly suffer the fallout from the war.","President Trump took to social media early Tuesday advising European countries that have shortages because of the Strait of Hormuz blockade, but haven't aided the U.S. in the war, to ""get your own oi… [+9517 chars]",https://www.npr.org/2026/03/31/nx-s1-5766991/iran-war-lebanon-israel-dubai-trump-oil-europe,"Trump tells Europe 'get your own oil,' Iran hits oil tanker off Dubai Iran attacked and set on fire a massive Kuwaiti oil tanker off Dubai overnight, as Gulf states increasingly suffer the fallout from the war. President Trump took to social media early Tuesday advising European countries that have shortages because of the Strait of Hormuz blockade, but haven't aided the U.S. in the war, to ""get your own oi… [+9517 chars]"
DHS funding deal on shaky ground as Trump and Democrats both decline to embrace it,"After weeks of start and stop negotiations between Congressional Democrats and the White House, there's an emerging proposal to fund the majority of DHS and tackle ICE enforcement funding separately.","After weeks of halting talks, a new proposal is materializing on Capitol Hill that aims to fund critical parts of the Department of Homeland Security as travelers across the country deal with long li… [+6165 chars]",https://www.npr.org/2026/03/25/g-s1-115106/dhs-funding-tsa-congress-stalled,"DHS funding deal on shaky ground as Trump and Democrats both decline to embrace it After weeks of start and stop negotiations between Congressional Democrats and the White House, there's an emerging proposal to fund the majority of DHS and tackle ICE enforcement funding separately. After weeks of halting talks, a new proposal is materializing on Capitol Hill that aims to fund critical parts of the Department of Homeland Security as travelers across the country deal with long li… [+6165 chars]"
Trump wants a deadlocked Congress to move on AI. Frustrated states say they already have,"State lawmakers have been stepping in to regulate artificial intelligence, clashing with the federal government's inaction as concerns about oversight and safety grow.","In the absence of action on a federal level, states have been passing dozens of their own laws regulating artificial intelligence creating guidelines for child safety, requiring more transparency fro… [+6254 chars]",https://www.npr.org/2026/03/28/nx-s1-5755062/trump-wants-a-deadlocked-congress-to-move-on-ai-frustrated-states-say-they-already-have,"Trump wants a deadlocked Congress to move on AI. Frustrated states say they already have State lawmakers have been stepping in to regulate artificial intelligence, clashing with the federal government's inaction as concerns about oversight and safety grow. In the absence of action on a federal level, states have been passing dozens of their own laws regulating artificial intelligence creating guidelines for child safety, requiring more transparency fro… [+6254 chars]"
How Trump's Iran war objectives have shifted over time,Here is a reminder of some of what he has said - and where the US is now.,"At the outset of the U.S.-Israel-led war in Iran, President Trump gave lots of reasons for launching the strikes on Iran from stopping its nuclear capabilities to regime change.
Now, Trump seems to … [+8175 chars]",https://www.npr.org/2026/03/25/nx-s1-5759721/how-trumps-iran-war-objectives-have-shifted-over-time,"How Trump's Iran war objectives have shifted over time Here is a reminder of some of what he has said - and where the US is now. At the outset of the U.S.-Israel-led war in Iran, President Trump gave lots of reasons for launching the strikes on Iran from stopping its nuclear capabilities to regime change.
Now, Trump seems to … [+8175 chars]"
Photos: 'No Kings' Protests Across the Country,People gathered for pro-democracy protests across the country today.,"In large cities and small towns across the country, millions took to the streets today in protest against the policies of President Trump and his administration. 
Organized by ""No Kings,"" a network … [+229 chars]",https://www.npr.org/sections/the-picture-show/2026/03/28/g-s1-115637/photos-no-kings-protests-across-the-country,"Photos: 'No Kings' Protests Across the Country People gathered for pro-democracy protests across the country today. In large cities and small towns across the country, millions took to the streets today in protest against the policies of President Trump and his administration. 
Organized by ""No Kings,"" a network … [+229 chars]"
Rubio plans travel to France to sell Iran war to skeptical G7 allies,Secretary of State Marco Rubio will travel to France this week to try to sell America's skeptical Group of Seven allies on the Iran war that has sent global fuel prices soaring.,WASHINGTON Secretary of State Marco Rubio will travel to France this week to try to sell America's skeptical Group of Seven allies on the strategy of the Iran war that has sent global fuel prices soa… [+1435 chars],https://www.npr.org/2026/03/25/g-s1-115053/rubio-plans-travel-to-france-to-sell-iran-war-to-skeptical-g7-allies,Rubio plans travel to France to sell Iran war to skeptical G7 allies Secretary of State Marco Rubio will travel to France this week to try to sell America's skeptical Group of Seven allies on the Iran war that has sent global fuel prices soaring. WASHINGTON Secretary of State Marco Rubio will travel to France this week to try to sell America's skeptical Group of Seven allies on the strategy of the Iran war that has sent global fuel prices soa… [+1435 chars]
The depleted Education Department will move out of its headquarters,"In August, Education Department employees will relocate to a smaller office roughly a block away, and the larger Energy Department will take over the old headquarters.","In the latest effort by the Trump administration to dismantle the U.S. Department of Education, it announced on Thursday that all staff will be leaving the department's longtime, Washington, D.C., he… [+2717 chars]",https://www.npr.org/2026/03/26/nx-s1-5762974/education-department-building,"The depleted Education Department will move out of its headquarters In August, Education Department employees will relocate to a smaller office roughly a block away, and the larger Energy Department will take over the old headquarters. In the latest effort by the Trump administration to dismantle the U.S. Department of Education, it announced on Thursday that all staff will be leaving the department's longtime, Washington, D.C., he… [+2717 chars]"
A surprise resignation could open the door for an independent to win a Montana Senate seat,Two-term GOP Sen. Steve Daines shocked Montana when he announced his retirement. Democrats worry a new independent candidate will split their party's vote.,"BUTTE, Mont. - It's long been an adage in Montana politics that if you're running for office, you'd better have a float in the Butte St. Paddy's Day Parade, which draws thousands to the mining city's… [+6547 chars]",https://www.npr.org/2026/03/27/nx-s1-5752350/a-surprise-resignation-could-open-the-door-for-an-independent-to-win-a-montana-senate-seat,"A surprise resignation could open the door for an independent to win a Montana Senate seat Two-term GOP Sen. Steve Daines shocked Montana when he announced his retirement. Democrats worry a new independent candidate will split their party's vote. BUTTE, Mont. - It's long been an adage in Montana politics that if you're running for office, you'd better have a float in the Butte St. Paddy's Day Parade, which draws thousands to the mining city's… [+6547 chars]"
Some critics of birthright citizenship say it's a fraud issue. What does that mean?,"Advocates for ending birthright citizenship point to ""birth tourism"" schemes to argue that the legal principle is ripe for exploitation and threatens national security. Experts say it's not so simple.","At a recent U.S. Senate subcommittee hearing on birthright citizenship, Republican lawmakers argued that the legal principle granting automatic citizenship to nearly everyone born on American soil is… [+7933 chars]",https://www.npr.org/2026/03/29/nx-s1-5761340/birth-tourism-citizenship-supreme-court-case,"Some critics of birthright citizenship say it's a fraud issue. What does that mean? Advocates for ending birthright citizenship point to ""birth tourism"" schemes to argue that the legal principle is ripe for exploitation and threatens national security. Experts say it's not so simple. At a recent U.S. Senate subcommittee hearing on birthright citizenship, Republican lawmakers argued that the legal principle granting automatic citizenship to nearly everyone born on American soil is… [+7933 chars]"
"As birthright citizenship goes to Supreme Court, here's how Americans feel about it",The Supreme Court will hear arguments Wednesday on whether all children born in the United States can continue to automatically receive citizenship.,"The Supreme Court will hear arguments Wednesday on whether all children born in the United States can continue to automatically receive citizenship.
The decision, not expected for months, could resh… [+6005 chars]",https://www.npr.org/2026/03/30/nx-s1-5760983/birthright-citizenship-public-opinion-supreme-court-arguments,"As birthright citizenship goes to Supreme Court, here's how Americans feel about it The Supreme Court will hear arguments Wednesday on whether all children born in the United States can continue to automatically receive citizenship. The Supreme Court will hear arguments Wednesday on whether all children born in the United States can continue to automatically receive citizenship.
The decision, not expected for months, could resh… [+6005 chars]"
A 92-year-old judge will take on the Maduro case. What do we know about him?,"Former Venezuelan leader Nicolás Maduro heads to court again this week. The judge overseeing this case is longtime federal Judge Alvin Hellerstein. At 92 years old, Hellerstein is older than the average age of a federal judge by more than 20 years.","The questions from the judge came fast and often, frequently interrupting the personal lawyers of President Trump and the district attorney and picking apart their arguments.
On an especially cold F… [+9887 chars]",https://www.npr.org/2026/03/25/nx-s1-5688813/judge-hellerstein-maduro-case,"A 92-year-old judge will take on the Maduro case. What do we know about him? Former Venezuelan leader Nicolás Maduro heads to court again this week. The judge overseeing this case is longtime federal Judge Alvin Hellerstein. At 92 years old, Hellerstein is older than the average age of a federal judge by more than 20 years. The questions from the judge came fast and often, frequently interrupting the personal lawyers of President Trump and the district attorney and picking apart their arguments.
On an especially cold F… [+9887 chars]"
Travelers are facing the longest TSA wait times in history,"Wait times are exceeding four hours at some major airports, leading TSA officers to call out at rates of 40 to 50%, according to TSA Deputy Administrator Ha Nguyen McNeill.","TSA is experiencing the longest wait times ever in its 24-year history because of the ongoing partial shutdown, the agency's deputy administrator Ha Nguyen McNeill told the House Homeland Security Co… [+1908 chars]",https://www.npr.org/2026/03/25/nx-s1-5760981/tsa-wait-times-lines,"Travelers are facing the longest TSA wait times in history Wait times are exceeding four hours at some major airports, leading TSA officers to call out at rates of 40 to 50%, according to TSA Deputy Administrator Ha Nguyen McNeill. TSA is experiencing the longest wait times ever in its 24-year history because of the ongoing partial shutdown, the agency's deputy administrator Ha Nguyen McNeill told the House Homeland Security Co… [+1908 chars]"
'We call it the walking bus': How kids are getting to school amid ICE operations,"In cities where ICE operations have surged, community members are walking kids to school.","For months now, the Trump administration has dispatched immigration enforcement agents to American cities.
President Trump says they're there to keep American citizens safe and to deport the ""worst … [+5614 chars]",https://www.npr.org/2026/03/19/nx-s1-5692645/ice-activity-schools-walking-bus,"'We call it the walking bus': How kids are getting to school amid ICE operations In cities where ICE operations have surged, community members are walking kids to school. For months now, the Trump administration has dispatched immigration enforcement agents to American cities.
President Trump says they're there to keep American citizens safe and to deport the ""worst … [+5614 chars]"
"U.S. could exempt oil industry from protecting Gulf animals, for 'national security'","National security has never been used to call a meeting of the ""God Squad."" But other federal agencies have been citing the ""energy emergency"" to avoid rules meant to protect endangered animals.","Defense Secretary Pete Hegseth, citing ""reasons of national security,"" has triggered a meeting this week that could exempt the oil and gas industry in the Gulf of Mexico from requirements of the Enda… [+9503 chars]",https://www.npr.org/2026/03/30/nx-s1-5745926/endangered-species-committee-hegseth-security,"U.S. could exempt oil industry from protecting Gulf animals, for 'national security' National security has never been used to call a meeting of the ""God Squad."" But other federal agencies have been citing the ""energy emergency"" to avoid rules meant to protect endangered animals. Defense Secretary Pete Hegseth, citing ""reasons of national security,"" has triggered a meeting this week that could exempt the oil and gas industry in the Gulf of Mexico from requirements of the Enda… [+9503 chars]"
Are you sure you know what 'gaslighting' is?,Therapists say we're overusing the word. Here's what it actually means — and what the Ingrid Bergman film that helped birth the word can teach us about it.,"You're not imagining it. The word ""gaslighting"" is everywhere.
During a recent episode of Jimmy Kimmel Live!,the late-night host said President Trump was ""gaslighting"" Americans by trying to convinc… [+6691 chars]",https://www.npr.org/2026/03/25/nx-s1-5728191/gaslighting-origin-history-word,"Are you sure you know what 'gaslighting' is? Therapists say we're overusing the word. Here's what it actually means — and what the Ingrid Bergman film that helped birth the word can teach us about it. You're not imagining it. The word ""gaslighting"" is everywhere.
During a recent episode of Jimmy Kimmel Live!,the late-night host said President Trump was ""gaslighting"" Americans by trying to convinc… [+6691 chars]"
The Justice Department plans to share sensitive voter data with Homeland Security,"The Justice Department has sought voter data from states. It now says it plans to share that data with the Department of Homeland Security, to run it through a controversial citizenship check tool.","The Department of Justice acknowledged in court Thursday that it plans to share voter registration data it gets from states with the Department of Homeland Security, so that the data can be run throu… [+3090 chars]",https://www.npr.org/2026/03/27/nx-s1-5764266/voter-data-trump-doj-dhs,"The Justice Department plans to share sensitive voter data with Homeland Security The Justice Department has sought voter data from states. It now says it plans to share that data with the Department of Homeland Security, to run it through a controversial citizenship check tool. The Department of Justice acknowledged in court Thursday that it plans to share voter registration data it gets from states with the Department of Homeland Security, so that the data can be run throu… [+3090 chars]"
ICE officers could remain at airports after TSA workers are paid,"Even when Transportation Security Administration workers get paid, Immigration and Customs Enforcement agents could still be present at U.S. airports.","Immigration and Customs Enforcement agents could remain at U.S. airports even after Transportation Security Administration workers receive their paychecks, according to White House border czar Tom Ho… [+2879 chars]",https://www.npr.org/2026/03/29/nx-s1-5765454/tsa-paychecks-ice-airports-tom-homan,"ICE officers could remain at airports after TSA workers are paid Even when Transportation Security Administration workers get paid, Immigration and Customs Enforcement agents could still be present at U.S. airports. Immigration and Customs Enforcement agents could remain at U.S. airports even after Transportation Security Administration workers receive their paychecks, according to White House border czar Tom Ho… [+2879 chars]"
House panel finds Florida Democrat guilty of ethics violations,The House Ethics Committee has found evidence that Rep. Sheila Cherfilus-McCormick violated House rules. This comes after the panel held a rare public hearing to review investigations into allegations against the Florida Democrat.,"The House Ethics Committeehas found ""clear and convincing evidence"" that Rep. Sheila Cherfilus-McCormick violated House rules, after a rare marathon public hearing Thursday night.
The Florida Democr… [+5740 chars]",https://www.npr.org/2026/03/27/g-s1-115336/house-panel-finds-florida-democrat-guilty-of-ethics-violations,"House panel finds Florida Democrat guilty of ethics violations The House Ethics Committee has found evidence that Rep. Sheila Cherfilus-McCormick violated House rules. This comes after the panel held a rare public hearing to review investigations into allegations against the Florida Democrat. The House Ethics Committeehas found ""clear and convincing evidence"" that Rep. Sheila Cherfilus-McCormick violated House rules, after a rare marathon public hearing Thursday night.
The Florida Democr… [+5740 chars]"
Southeast Asia turns to nuclear as Iran war disrupts energy supplies,Analysts say the Iran war energy crisis is also adding momentum to nuclear interest and action in the region.,"BANGKOK, Thailand Nuclear power is getting a second look in Southeast Asia as countries prepare to meet surging energy demand as they vie for artificial intelligence-focused data centers.
Several So… [+7294 chars]",https://www.npr.org/2026/03/26/g-s1-115291/southeast-asia-turns-to-nuclear-as-iran-war-disrupts-energy-supplies,"Southeast Asia turns to nuclear as Iran war disrupts energy supplies Analysts say the Iran war energy crisis is also adding momentum to nuclear interest and action in the region. BANGKOK, Thailand Nuclear power is getting a second look in Southeast Asia as countries prepare to meet surging energy demand as they vie for artificial intelligence-focused data centers.
Several So… [+7294 chars]"
Your data is everywhere. The government is buying it without a warrant,"Data brokers buy up huge amounts of information from cell phones and browsers to sell for targeted advertising. But the government, including ICE, also buys the data.",A whole industry of data brokers buys up vast quantities of electronic information from cell phone apps and web browsers and sells it to advertisers who use that data to target ads. The same industry… [+9677 chars],https://www.npr.org/2026/03/25/nx-s1-5752369/ice-surveillance-data-brokers-congress-anthropic,"Your data is everywhere. The government is buying it without a warrant Data brokers buy up huge amounts of information from cell phones and browsers to sell for targeted advertising. But the government, including ICE, also buys the data. A whole industry of data brokers buys up vast quantities of electronic information from cell phone apps and web browsers and sells it to advertisers who use that data to target ads. The same industry… [+9677 chars]"
"At the Legacy Museum, facing America's racist past is a path, not a punishment","""There is an America that is more free — where there's more equality, where there is more justice, where there less bigotry — and I think it's waiting for us,"" says human rights lawyer Bryan Stevenson.","In his second term, President Trump has ordered the removal of monuments, plaques and exhibitions related to slavery, and the history of racial injustice in the U.S. Meanwhile, human rights lawyer Br… [+7697 chars]",https://www.npr.org/2026/03/25/nx-s1-5753780/bryan-stevenson-montgomery-square-legacy-museum,"At the Legacy Museum, facing America's racist past is a path, not a punishment ""There is an America that is more free — where there's more equality, where there is more justice, where there less bigotry — and I think it's waiting for us,"" says human rights lawyer Bryan Stevenson. In his second term, President Trump has ordered the removal of monuments, plaques and exhibitions related to slavery, and the history of racial injustice in the U.S. Meanwhile, human rights lawyer Br… [+7697 chars]"
Melania Trump Welcomes Humanoid Robot At White House Summit,"Longtime Slashdot reader theodp writes: In Melania and the Robot, the New York Times reports on First Lady Melania Trump's inaugural Fostering the Future Together Coalition Summit, which brought together international leaders, First Spouses from around the wo…","In Melania and the Robot, the New York Times reports on First Lady Melania Trump's inaugural Fostering the Future Together Coalition Summit, which brought together international leaders, First Spouse… [+2215 chars]",https://hardware.slashdot.org/story/26/03/26/0545256/melania-trump-welcomes-humanoid-robot-at-white-house-summit,"Melania Trump Welcomes Humanoid Robot At White House Summit Longtime Slashdot reader theodp writes: In Melania and the Robot, the New York Times reports on First Lady Melania Trump's inaugural Fostering the Future Together Coalition Summit, which brought together international leaders, First Spouses from around the wo… In Melania and the Robot, the New York Times reports on First Lady Melania Trump's inaugural Fostering the Future Together Coalition Summit, which brought together international leaders, First Spouse… [+2215 chars]"
12 tons of KitKats vanished in a European highway heist,Nestlé said 12 tons of KitKats were stolen between Italy and Poland.,"12 tons of KitKats were stolen in transit between Italy and Poland.Kevin Carter/Getty Images
<ul><li>A major chocolate heist saw more than 400,000 bars of chocolate go missing in Europe.</li><li>Nes… [+1940 chars]",https://www.businessinsider.com/nestle-kitkats-stolen-european-highway-heist-2026-3,"12 tons of KitKats vanished in a European highway heist Nestlé said 12 tons of KitKats were stolen between Italy and Poland. 12 tons of KitKats were stolen in transit between Italy and Poland.Kevin Carter/Getty Images
<ul><li>A major chocolate heist saw more than 400,000 bars of chocolate go missing in Europe.</li><li>Nes… [+1940 chars]"
Trump sends ICE agents to alleviate TSA officer shortage,Trump is sending ICE agents to fill a TSA officer shortage during the government shutdown.,"Trump is sending ICE agents to fill a TSA officer shortage during the government shutdown, but a major federal union warns this could create safety risks.Read the original article on Business Insider",https://www.businessinsider.com/trump-sends-ice-agents-to-alleviate-tsa-officer-shortage-2026-3,"Trump sends ICE agents to alleviate TSA officer shortage Trump is sending ICE agents to fill a TSA officer shortage during the government shutdown. Trump is sending ICE agents to fill a TSA officer shortage during the government shutdown, but a major federal union warns this could create safety risks.Read the original article on Business Insider"
Judge temporarily blocks the Pentagon from declaring Anthropic a national security risk,Anthropic has said it could lose billions if a federal judge didn't step in to block the Trump administration.,"Dario AmodeiKrisztian Bocsi/Bloomberg via Getty Images
<ul><li>A federal judge has temporarily struck down the Pentagon's effective blacklisting of Anthropic.</li><li>US District Judge Rita Lin's ru… [+3871 chars]",https://www.businessinsider.com/judge-blocks-anthropic-supply-chain-risk-2026-3,"Judge temporarily blocks the Pentagon from declaring Anthropic a national security risk Anthropic has said it could lose billions if a federal judge didn't step in to block the Trump administration. Dario AmodeiKrisztian Bocsi/Bloomberg via Getty Images
<ul><li>A federal judge has temporarily struck down the Pentagon's effective blacklisting of Anthropic.</li><li>US District Judge Rita Lin's ru… [+3871 chars]"
Trump says he will sign an executive order to have the Department of Homeland Security pay TSA workers,"Trump said he will sign an order to immediately pay TSA workers as travel chaos intensifies, but it remains unclear if he has the authority to do so.","ATL
<ul><li>President Donald Trump says he plans to sign an order to pay TSA workers amid a DHS shutdown deadlock.</li><li>TSA agents face another missed paycheck, causing travel chaos and extended … [+1427 chars]",https://www.businessinsider.com/trump-says-will-sign-executive-order-dhs-pay-tsa-workers-2026-3,"Trump says he will sign an executive order to have the Department of Homeland Security pay TSA workers Trump said he will sign an order to immediately pay TSA workers as travel chaos intensifies, but it remains unclear if he has the authority to do so. ATL
<ul><li>President Donald Trump says he plans to sign an order to pay TSA workers amid a DHS shutdown deadlock.</li><li>TSA agents face another missed paycheck, causing travel chaos and extended … [+1427 chars]"
"You'll keep seeing ICE agents at airports until TSA is back to 100%, border czar says","President Donald Trump signed an executive order to pay TSA agents. Some airport wait times have been alleviated, but the chaos may not be over yet.","ICE agents at Atlanta's Hartsfield-Jackson International Airport last Monday.Megan Varner/Getty Images
<ul><li>ICE agents will remain ""until the airports feel like they're 100%,"" Border Czar Tom Hom… [+2661 chars]",https://www.businessinsider.com/ice-agents-airports-tsa-100-percent-says-border-czar-2026-3,"You'll keep seeing ICE agents at airports until TSA is back to 100%, border czar says President Donald Trump signed an executive order to pay TSA agents. Some airport wait times have been alleviated, but the chaos may not be over yet. ICE agents at Atlanta's Hartsfield-Jackson International Airport last Monday.Megan Varner/Getty Images
<ul><li>ICE agents will remain ""until the airports feel like they're 100%,"" Border Czar Tom Hom… [+2661 chars]"
"Trump's signature to appear on US currency, a first for a sitting president","The move breaks with longstanding precedent. For more than a century, US banknotes carried the signatures of Treasury officials, not the president.","Donald Trump will be the first sitting president in US history to have his signature on the nation's currency.BRENDAN SMIALOWSKI/AFP via Getty Images
<ul><li>President Trump will be the first sittin… [+2375 chars]",https://www.businessinsider.com/donald-trump-signature-appear-future-currency-treasury-announces-2026-3,"Trump's signature to appear on US currency, a first for a sitting president The move breaks with longstanding precedent. For more than a century, US banknotes carried the signatures of Treasury officials, not the president. Donald Trump will be the first sitting president in US history to have his signature on the nation's currency.BRENDAN SMIALOWSKI/AFP via Getty Images
<ul><li>President Trump will be the first sittin… [+2375 chars]"
How Army paratroopers heading to Iran are trained to jump from airplanes,"The Pentagon is sending 2,000 Army paratroopers to the Middle East.","The Pentagon is sending about 2,000 Army paratroopers to the Middle East. Based at Fort Bragg, North Carolina, the paratroopers from the 82nd Airborne Division can be sent anywhere in the world in as… [+522 chars]",https://www.businessinsider.com/army-paratroopers-iran-middle-east-war-2026-3,"How Army paratroopers heading to Iran are trained to jump from airplanes The Pentagon is sending 2,000 Army paratroopers to the Middle East. The Pentagon is sending about 2,000 Army paratroopers to the Middle East. Based at Fort Bragg, North Carolina, the paratroopers from the 82nd Airborne Division can be sent anywhere in the world in as… [+522 chars]"
Millions of student-loan borrowers kicked off Biden's affordable plan are required to restart payments this fall,"After eliminating the SAVE student-loan repayment plan, Trump's Education Department is now advising borrowers to select a new plan and start paying.","Student-loan borrowers enrolled in SAVE will soon need to find a new repayment plan.SAUL LOEB / AFP via Getty Images
<ul><li>The Education Department is sending notices on the next steps to student-… [+2529 chars]",https://www.businessinsider.com/save-plan-student-loan-borrowers-next-steps-restarting-repayment-trump-2026-3,"Millions of student-loan borrowers kicked off Biden's affordable plan are required to restart payments this fall After eliminating the SAVE student-loan repayment plan, Trump's Education Department is now advising borrowers to select a new plan and start paying. Student-loan borrowers enrolled in SAVE will soon need to find a new repayment plan.SAUL LOEB / AFP via Getty Images
<ul><li>The Education Department is sending notices on the next steps to student-… [+2529 chars]"
"2 months after his arrest in Venezuela, Nicolás Maduro still has a long road to his criminal trial","While prosecutors press sweeping narco-terror allegations, the Nicolás Maduro proceedings are bogged down in a bitter dispute over legal fees.","Nicolás Maduro in court in New York.Jane Rosenberg/REUTERS
<ul><li>Nicolás Maduro faces narco-terrorism charges in the US and awaits trial while legal fees remain unpaid.</li><li>He was arrested in … [+6446 chars]",https://www.businessinsider.com/months-after-arrest-nicolas-maduro-has-long-road-criminal-trial-2026-3,"2 months after his arrest in Venezuela, Nicolás Maduro still has a long road to his criminal trial While prosecutors press sweeping narco-terror allegations, the Nicolás Maduro proceedings are bogged down in a bitter dispute over legal fees. Nicolás Maduro in court in New York.Jane Rosenberg/REUTERS
<ul><li>Nicolás Maduro faces narco-terrorism charges in the US and awaits trial while legal fees remain unpaid.</li><li>He was arrested in … [+6446 chars]"
AOC and Bernie Sanders have a bill to pause AI data center construction. Here's what's in it.,"The bill would halt the construction of new AI data centers around the US until ""strong national safeguards"" are put in place.","The bill would halt the construction of new AI data centers around the US until ""strong national safeguards"" are put in place.AP Photo/David Zalubowski
<ul><li>Bernie Sanders has been calling for a … [+2658 chars]",https://www.businessinsider.com/aoc-bernie-sanders-introduce-bill-ai-data-center-moratorium-2026-3,"AOC and Bernie Sanders have a bill to pause AI data center construction. Here's what's in it. The bill would halt the construction of new AI data centers around the US until ""strong national safeguards"" are put in place. The bill would halt the construction of new AI data centers around the US until ""strong national safeguards"" are put in place.AP Photo/David Zalubowski
<ul><li>Bernie Sanders has been calling for a … [+2658 chars]"
White House turns down Elon Musk's offer to cover TSA pay during the partial government shutdown,Billionaire Elon Musk offered to cover TSA workers' pay amid the partial government shutdown. The White House said that would pose legal challenges.,"Elon Musk offered to cover the TSA workers' salaries as they go without pay during the partial government shutdown.Andrew Harnik/Reuters
<ul><li>TSA agents are working without pay amid the partial g… [+1452 chars]",https://www.businessinsider.com/white-house-turns-down-elon-musk-offer-pay-tsa-workers-2026-3,"White House turns down Elon Musk's offer to cover TSA pay during the partial government shutdown Billionaire Elon Musk offered to cover TSA workers' pay amid the partial government shutdown. The White House said that would pose legal challenges. Elon Musk offered to cover the TSA workers' salaries as they go without pay during the partial government shutdown.Andrew Harnik/Reuters
<ul><li>TSA agents are working without pay amid the partial g… [+1452 chars]"
Oil prices rise again as the Iran war enters its 5th week,"Brent oil prices rose to over $115 a barrel when markets reopened on Sunday, a $3 increase from its Friday high of $112.57.","Oil prices rose above $115 per barrel when markets reopened on Sunday.Mario Tama/Getty Images
<ul><li>Oil prices rose about 3% to over $115 a barrel on Sunday. </li><li>The US and Israel's war on Ir… [+2342 chars]",https://www.businessinsider.com/oil-prices-rise-iran-war-brent-wti-2026-3,"Oil prices rise again as the Iran war enters its 5th week Brent oil prices rose to over $115 a barrel when markets reopened on Sunday, a $3 increase from its Friday high of $112.57. Oil prices rose above $115 per barrel when markets reopened on Sunday.Mario Tama/Getty Images
<ul><li>Oil prices rose about 3% to over $115 a barrel on Sunday. </li><li>The US and Israel's war on Ir… [+2342 chars]"
Anthropic's post-Pentagon resistance surge is fading,"Data obtained by Business Insider shows interest in Claude remains high, but is leveling off after the explosion of downloads last month.","Anthropic CEO Dario AmodeiChris Ratcliffe/Bloomberg via Getty Images
<ul><li>Anthropic surged in interest after its CEO, Dario Amodei, refused to back down to the Pentagon.</li><li>Claude briefly he… [+4494 chars]",https://www.businessinsider.com/anthropic-interest-openai-pentagon-claude-downloads-2026-3,"Anthropic's post-Pentagon resistance surge is fading Data obtained by Business Insider shows interest in Claude remains high, but is leveling off after the explosion of downloads last month. Anthropic CEO Dario AmodeiChris Ratcliffe/Bloomberg via Getty Images
<ul><li>Anthropic surged in interest after its CEO, Dario Amodei, refused to back down to the Pentagon.</li><li>Claude briefly he… [+4494 chars]"
"TSA workers are getting paid again, but airport chaos isn't going anywhere","The partial government shutdown that began in mid-February compounded ongoing staffing shortages, rising jet fuel costs, and consumer anxiety.","Travelers at US airports are experiencing long wait times at TSA checkpoints.Bloomberg/Contributor/Getty Images
<ul><li>President Donald Trump ordered Homeland Security to reinstate pay for TSA offi… [+4440 chars]",https://www.businessinsider.com/airport-lines-tsa-travel-disruption-security-rising-ticket-prices-2026-3,"TSA workers are getting paid again, but airport chaos isn't going anywhere The partial government shutdown that began in mid-February compounded ongoing staffing shortages, rising jet fuel costs, and consumer anxiety. Travelers at US airports are experiencing long wait times at TSA checkpoints.Bloomberg/Contributor/Getty Images
<ul><li>President Donald Trump ordered Homeland Security to reinstate pay for TSA offi… [+4440 chars]"
The US Navy is pouring almost $1 billion into automating submarine production amid skilled worker shortages,The new facilities are expected to quickly build components for Virginia- and Columbia-class submarines.,"TKUS Navy photo by Neil Boorjian
<ul><li>New highly automated factories will build components for US Navy Virginia- and Columbia-class submarines.</li><li>Built by Hadrian, the factories are intende… [+3594 chars]",https://www.businessinsider.com/us-navy-investing-900-million-in-automated-submarine-production-2026-3,"The US Navy is pouring almost $1 billion into automating submarine production amid skilled worker shortages The new facilities are expected to quickly build components for Virginia- and Columbia-class submarines. TKUS Navy photo by Neil Boorjian
<ul><li>New highly automated factories will build components for US Navy Virginia- and Columbia-class submarines.</li><li>Built by Hadrian, the factories are intende… [+3594 chars]"
These Kid Rock videos of an Apache helicopter hovering around his Nashville home have triggered an Army investigation,The US Army is investigating a pair of videos showing Apache helicopters flying and making unusual maneuvers near Kid Rock's Nashville home.,"An AH-64 Apache helicopter like this one was filmed hovering outside Kid Rock's home in Nashville, Tennessee over the weekend.U.S. Army Photo by Visual Information Specialist, Ruediger Hess/Released… [+2975 chars]",https://www.businessinsider.com/us-army-investigates-apache-helicopter-video-kid-rock-home-nashville-2026-3,"These Kid Rock videos of an Apache helicopter hovering around his Nashville home have triggered an Army investigation The US Army is investigating a pair of videos showing Apache helicopters flying and making unusual maneuvers near Kid Rock's Nashville home. An AH-64 Apache helicopter like this one was filmed hovering outside Kid Rock's home in Nashville, Tennessee over the weekend.U.S. Army Photo by Visual Information Specialist, Ruediger Hess/Released… [+2975 chars]"
AI-industry super PACs are mostly winning so far,All but one candidate backed by AI-industry super PACs have moved forward in their respective elections this year.,"Melissa Bean, a former IL congresswoman, won a primary earlier this month with the help of $1.1 million in spending from an AI industry PAC.Talia Sprague/Chicago Tribune via Getty Images
<ul><li>AI-… [+4948 chars]",https://www.businessinsider.com/ai-industry-super-pac-wins-congressional-primaries-2026-3,"AI-industry super PACs are mostly winning so far All but one candidate backed by AI-industry super PACs have moved forward in their respective elections this year. Melissa Bean, a former IL congresswoman, won a primary earlier this month with the help of $1.1 million in spending from an AI industry PAC.Talia Sprague/Chicago Tribune via Getty Images
<ul><li>AI-… [+4948 chars]"
The US military is pushing up production for the weapons that could matter most in a major war,"From Tomahawk missiles to THAAD interceptor seekers, the US is massively increasing its production rates for key munitions amid stockpile concerns.","TKUS Central Command Public Affairs
<ul><li>The Department of Defense is signing new deals with defense companies to boost production of critical weapons.</li><li>Key missiles and interceptors have … [+7990 chars]",https://www.businessinsider.com/us-ramping-up-production-of-weapons-critical-for-major-war-2026-3,"The US military is pushing up production for the weapons that could matter most in a major war From Tomahawk missiles to THAAD interceptor seekers, the US is massively increasing its production rates for key munitions amid stockpile concerns. TKUS Central Command Public Affairs
<ul><li>The Department of Defense is signing new deals with defense companies to boost production of critical weapons.</li><li>Key missiles and interceptors have … [+7990 chars]"
I canceled my flight and paid $200 for a 20-hour Amtrak ride to avoid TSA airport chaos. It was better than flying.,TSA chaos and long airport lines pushed me to cancel my flight and take a 20-hour Amtrak ride instead. Here's why I'd do it again.,"I took the Amtrak to avoid airport chaos. It took 10 times as long and cost twice as much as flying.Kristine Villarroel/Business Insider/Nathan Posner/Anadolu via Getty Images
<ul><li>The partial go… [+10547 chars]",https://www.businessinsider.com/20-hour-amtrak-over-flight-to-avoid-airport-2026-3,"I canceled my flight and paid $200 for a 20-hour Amtrak ride to avoid TSA airport chaos. It was better than flying. TSA chaos and long airport lines pushed me to cancel my flight and take a 20-hour Amtrak ride instead. Here's why I'd do it again. I took the Amtrak to avoid airport chaos. It took 10 times as long and cost twice as much as flying.Kristine Villarroel/Business Insider/Nathan Posner/Anadolu via Getty Images
<ul><li>The partial go… [+10547 chars]"
President Trump Is Now Posting Animal Crossing AI-Slop,The posts were part of his administration celebrating plans to bail farmers out of a situation created by Trump's own actions,"The White House and President Donald Trump want everyone to know that they really love farmers. They care about farmers. Sure, his trade war with China during his last term hammered farmers immensely… [+2942 chars]",https://kotaku.com/president-trump-is-now-posting-animal-crossing-ai-slop-2000682767,"President Trump Is Now Posting Animal Crossing AI-Slop The posts were part of his administration celebrating plans to bail farmers out of a situation created by Trump's own actions The White House and President Donald Trump want everyone to know that they really love farmers. They care about farmers. Sure, his trade war with China during his last term hammered farmers immensely… [+2942 chars]"
Stephen Colbert To Adapt A Brand New Lord Of The Rings Movie Once He’s Done With The Late Show,The Lord of the Rings: Shadow of the Past is the tentative current title for the eighth movie in the franchise,"You might have thought there surely can’t be any more Lord of the Rings left to be adapted into any more movie, after Peter Jackson created over 21 hours of the stuff, and with 2027’s The Hunt for Go… [+1921 chars]",https://kotaku.com/lord-of-the-rings-stephen-colbert-peter-jackson-2000681791,"Stephen Colbert To Adapt A Brand New Lord Of The Rings Movie Once He’s Done With The Late Show The Lord of the Rings: Shadow of the Past is the tentative current title for the eighth movie in the franchise You might have thought there surely can’t be any more Lord of the Rings left to be adapted into any more movie, after Peter Jackson created over 21 hours of the stuff, and with 2027’s The Hunt for Go… [+1921 chars]"
"After Next Week, The PS5 Pro Might Never Be Worth Buying Again",Sony's super expensive console is in a weird spot right now ahead of its big price increase and GTA 6's launch,"Soon, Sony’s most expensive home console, the PlayStation 5 Pro, will get a big $150 price increase in the United States. That means the already pricey machine will soon cost $900. But this price inc… [+3983 chars]",https://kotaku.com/after-next-week-the-ps5-pro-might-never-be-worth-buying-again-2000682689,"After Next Week, The PS5 Pro Might Never Be Worth Buying Again Sony's super expensive console is in a weird spot right now ahead of its big price increase and GTA 6's launch Soon, Sony’s most expensive home console, the PlayStation 5 Pro, will get a big $150 price increase in the United States. That means the already pricey machine will soon cost $900. But this price inc… [+3983 chars]"
Wall Street Raced To Sell Junk Bond Debt For EA Buyout Before U.S. Potentially Invades Iran,Also: will Marathon really be around for years to come?,"EA’s CEO convinces investors that AI will help the Battlefield maker, not hurt it. No, Call of Duty does not make players who are worse than you deal more damage to compensate. Yes, Bungie is promisi… [+5808 chars]",https://kotaku.com/ea-saudi-arabia-us-war-iran-trump-bond-dept-2000683149,"Wall Street Raced To Sell Junk Bond Debt For EA Buyout Before U.S. Potentially Invades Iran Also: will Marathon really be around for years to come? EA’s CEO convinces investors that AI will help the Battlefield maker, not hurt it. No, Call of Duty does not make players who are worse than you deal more damage to compensate. Yes, Bungie is promisi… [+5808 chars]"
Is An Epstein Version Of Five Nights At Freddy’s Really Going Viral? The Data Tells A More Complex Story,"Five Nights At Epstein’s is a ""viral"" video game that is, apparently, ""sweeping the nation"" right now","Over the past 48 hours, several outlets have reported on a viral game titled Five Nights at Epsteins, which is, according to Bloomberg, sweeping through classrooms across the country. Theyre not the … [+6951 chars]",https://kotaku.com/five-nights-epstein-freddys-viral-school-browser-2000682875,"Is An Epstein Version Of Five Nights At Freddy’s Really Going Viral? The Data Tells A More Complex Story Five Nights At Epstein’s is a ""viral"" video game that is, apparently, ""sweeping the nation"" right now Over the past 48 hours, several outlets have reported on a viral game titled Five Nights at Epsteins, which is, according to Bloomberg, sweeping through classrooms across the country. Theyre not the … [+6951 chars]"
"‘King’ Trump, 79, Suffers Another Worldwide Humiliation",,"If you click 'Accept all', we and our partners, including 251 who are part of the IAB Transparency &amp; Consent Framework, will also store and / or access information on a device (in other words, us… [+1046 chars]",https://consent.yahoo.com/v2/collectConsent?sessionId=1_cc-session_23cbe74b-1388-4730-8575-a67dabfa3ca0,
"‘King’ Trump, 79, Suffers Another Worldwide Humiliation",,"If you click 'Accept all', we and our partners, including 251 who are part of the IAB Transparency &amp; Consent Framework, will also store and / or access information on a device (in other words, us… [+1046 chars]",https://consent.yahoo.com/v2/collectConsent?sessionId=1_cc-session_4870225c-d343-4b68-af00-2acb351ef94b,
Trump Makes Frantic Excuse After Iran’s Humiliating Reveal,,"If you click 'Accept all', we and our partners, including 251 who are part of the IAB Transparency &amp; Consent Framework, will also store and / or access information on a device (in other words, us… [+1046 chars]",https://consent.yahoo.com/v2/collectConsent?sessionId=1_cc-session_7487965a-1a72-432f-80c1-a20c77e85a8c,
Bondi Accused of Accidentally Revealing ‘Damning’ Evidence in Trump Case,Pam Bondi’s Department of Justice has been accused of giving Congress a memo containing “damning evidence” that Donald Trump kept sensitive secrets to...,"Pam Bondis Department of Justice has been accused of giving Congress a memo containing damning evidence that Donald Trump kept sensitive secrets to protect business interests.
In a letter sent on Tu… [+3853 chars]",https://www.thedailybeast.com/bondi-accused-by-jamie-raskin-of-accidentally-revealing-damning-evidence-in-donald-trump-jack-smith-case/,"Bondi Accused of Accidentally Revealing ‘Damning’ Evidence in Trump Case Pam Bondi’s Department of Justice has been accused of giving Congress a memo containing “damning evidence” that Donald Trump kept sensitive secrets to... Pam Bondis Department of Justice has been accused of giving Congress a memo containing damning evidence that Donald Trump kept sensitive secrets to protect business interests.
In a letter sent on Tu… [+3853 chars]"
Trump Ballroom Trashed Over Its Humiliating Design Flaws,"Architects are warning that President Donald Trump’s ballroom vanity project has disastrous design flaws. The National Capital Planning Commission, which...","Architects are warning that President Donald Trumps ballroom vanity project has disastrous design flaws.
The National Capital Planning Commission, which Trump has stacked with loyalists, is expected… [+3103 chars]",https://www.thedailybeast.com/trump-east-wing-ballroom-trashed-over-its-humiliating-design-flaws/,"Trump Ballroom Trashed Over Its Humiliating Design Flaws Architects are warning that President Donald Trump’s ballroom vanity project has disastrous design flaws. The National Capital Planning Commission, which... Architects are warning that President Donald Trumps ballroom vanity project has disastrous design flaws.
The National Capital Planning Commission, which Trump has stacked with loyalists, is expected… [+3103 chars]"
Trump signs executive order asking federal contractors to eliminate DEI,,"If you click 'Accept all', we and our partners, including 251 who are part of the IAB Transparency &amp; Consent Framework, will also store and / or access information on a device (in other words, us… [+1046 chars]",https://consent.yahoo.com/v2/collectConsent?sessionId=1_cc-session_b5e3fbd8-7ad0-4512-9a03-c555966f2aab,
"New Evidence Corroborates Claims of Trump Sex Accuser, 13","A new investigation has backed up evidence given by a woman who has accused Donald Trump of sexually abusing her when she was 13, according to a report. The ...","A new investigation has backed up evidence given by a woman who has accused Donald Trump of sexually abusing her when she was 13, according to a report.
The woman conducted four interviews with the … [+5129 chars]",https://www.thedailybeast.com/new-evidence-corroborates-claims-of-trump-and-epstein-sex-accuser-13/,"New Evidence Corroborates Claims of Trump Sex Accuser, 13 A new investigation has backed up evidence given by a woman who has accused Donald Trump of sexually abusing her when she was 13, according to a report. The ... A new investigation has backed up evidence given by a woman who has accused Donald Trump of sexually abusing her when she was 13, according to a report.
The woman conducted four interviews with the … [+5129 chars]"
"Trump, 79, Reveals Disturbing Nickname for Don Jr.’s Ex",,"If you click 'Accept all', we and our partners, including 251 who are part of the IAB Transparency &amp; Consent Framework, will also store and / or access information on a device (in other words, us… [+1046 chars]",https://consent.yahoo.com/v2/collectConsent?sessionId=1_cc-session_85f09cf8-5224-40f0-b22b-202cfc57c4cc,
How Trump went from saying Strait of Hormuz 'will open itself' to acknowledging Iran's power to control the waterway,"President Trump has been issuing ultimatums for weeks about the Strait of Hormuz, demanding full freedom of travel for shippers.","President Trump has been issuing ultimatums for weeks about the Strait of Hormuz, demanding full freedom of travel for shippers.
If Iran doesnt comply? Trump has said hell respond quickly and violen… [+5698 chars]",https://finance.yahoo.com/markets/article/how-trump-went-from-saying-strait-of-hormuz-will-open-itself-to-acknowledging-irans-power-to-control-the-waterway-201453010.html,"How Trump went from saying Strait of Hormuz 'will open itself' to acknowledging Iran's power to control the waterway President Trump has been issuing ultimatums for weeks about the Strait of Hormuz, demanding full freedom of travel for shippers. President Trump has been issuing ultimatums for weeks about the Strait of Hormuz, demanding full freedom of travel for shippers.
If Iran doesnt comply? Trump has said hell respond quickly and violen… [+5698 chars]"
"Stock market today: Dow, S&P 500, Nasdaq futures rise entering shortened week featuring jobs data, war uncertainty",Trump continues to rock markets with a lack of consistency as the Iran war enters its second month.,"US stock futures rose Monday morning as Wall Street headed into an Easter-shortened trading week, with investors bracing for fresh economic data amid lingering consumer uncertainty.
Contracts linked… [+1719 chars]",https://finance.yahoo.com/news/live/stock-market-today-dow-sp-500-nasdaq-futures-rise-entering-shortened-week-featuring-jobs-data-war-uncertainty-230645645.html,"Stock market today: Dow, S&P 500, Nasdaq futures rise entering shortened week featuring jobs data, war uncertainty Trump continues to rock markets with a lack of consistency as the Iran war enters its second month. US stock futures rose Monday morning as Wall Street headed into an Easter-shortened trading week, with investors bracing for fresh economic data amid lingering consumer uncertainty.
Contracts linked… [+1719 chars]"
Trump issues new threat to Iran's civilian infrastructure if a ceasefire isn't reached 'shortly',"U.S. President Donald Trump on Monday threatened widespread destruction of Iran’s energy resources and other vital infrastructure, including desalination...","DUBAI, United Arab Emirates (AP) U.S. President Donald Trump on Monday threatened widespread destruction of Irans energy resources and other vital infrastructure, including desalination plants, if a … [+6726 chars]",https://www.yahoo.com/news/articles/trump-mulls-seizing-iranian-island-055003275.html,"Trump issues new threat to Iran's civilian infrastructure if a ceasefire isn't reached 'shortly' U.S. President Donald Trump on Monday threatened widespread destruction of Iran’s energy resources and other vital infrastructure, including desalination... DUBAI, United Arab Emirates (AP) U.S. President Donald Trump on Monday threatened widespread destruction of Irans energy resources and other vital infrastructure, including desalination plants, if a … [+6726 chars]"
Trump says Iran's 'present' to US was allowing 10 oil tankers through Hormuz,"WASHINGTON, March 26 (Reuters) - U.S. President Donald Trump said on Thursday that Iran was letting 10 oil tankers transit the Strait of Hormuz as an...","WASHINGTON, March 26 (Reuters) - U.S. President Donald Trump said on Thursday that Iran was letting 10 oil tankers transit the Strait of Hormuz as an apparent goodwill gesture in negotiations.
Trump… [+1100 chars]",https://www.yahoo.com/news/articles/trump-suggests-iran-let-ten-161855434.html,"Trump says Iran's 'present' to US was allowing 10 oil tankers through Hormuz WASHINGTON, March 26 (Reuters) - U.S. President Donald Trump said on Thursday that Iran was letting 10 oil tankers transit the Strait of Hormuz as an... WASHINGTON, March 26 (Reuters) - U.S. President Donald Trump said on Thursday that Iran was letting 10 oil tankers transit the Strait of Hormuz as an apparent goodwill gesture in negotiations.
Trump… [+1100 chars]"
Trump interrupts a Cabinet meeting dealing with the Iran war and rising prices to talk Sharpies,President Donald Trump may believe the adage that the pen is mightier than the sword — as long as it's a Sharpie.  During a Cabinet meeting Thursday that...,"WASHINGTON (AP) President Donald Trump may believe the adage that the pen is mightier than the sword as long as it's a Sharpie.
During a Cabinet meeting Thursday that discussed the war in Iran, reco… [+3854 chars]",https://www.yahoo.com/news/articles/trump-interrupts-cabinet-meeting-dealing-190437114.html,"Trump interrupts a Cabinet meeting dealing with the Iran war and rising prices to talk Sharpies President Donald Trump may believe the adage that the pen is mightier than the sword — as long as it's a Sharpie.  During a Cabinet meeting Thursday that... WASHINGTON (AP) President Donald Trump may believe the adage that the pen is mightier than the sword as long as it's a Sharpie.
During a Cabinet meeting Thursday that discussed the war in Iran, reco… [+3854 chars]"
They've Succeeded!' Karl Rove Stunned by Remarkable Democratic Achievement,Legendary GOP operative Karl Rove marveled at Democrats' remarkable ability to remain more unpopular than President Donald Trump even well into his second...,Legendary GOP operative Karl Rove marveled at Democrats' remarkable ability to remain more unpopular than President Donald Trump even well into his second term during a hit on Fox News over the weeke… [+2 chars],https://www.yahoo.com/news/videos/theyve-succeeded-karl-rove-stunned-132751553.html,They've Succeeded!' Karl Rove Stunned by Remarkable Democratic Achievement Legendary GOP operative Karl Rove marveled at Democrats' remarkable ability to remain more unpopular than President Donald Trump even well into his second... Legendary GOP operative Karl Rove marveled at Democrats' remarkable ability to remain more unpopular than President Donald Trump even well into his second term during a hit on Fox News over the weeke… [+2 chars]
Jesse Ventura on Donald Trump assassination attempt: ‘Ever hear of a blade job?’,,"If you click 'Accept all', we and our partners, including 251 who are part of the IAB Transparency &amp; Consent Framework, will also store and / or access information on a device (in other words, us… [+1046 chars]",https://consent.yahoo.com/v2/collectConsent?sessionId=1_cc-session_c137e60f-41e3-4d1e-ad3d-c27e4b25fcf4,
